{"_id":{"$oid":"61c09a623eaf4a068173c40b"},"book_id":"BK001","flight_id":["FL001"],"customer_id":"CUS001","paymentMode":"Card","bookingDate":{"$date":"2021-11-01T00:00:00Z"},"bookingAmount":1234.56}
{"_id":{"$oid":"61c09a623eaf4a068173c40c"},"book_id":"BK002","flight_id":["FL001"],"customer_id":"CUS002","paymentMode":"Card","bookingDate":{"$date":"2021-11-01T00:00:00Z"},"bookingAmount":987.23}
{"_id":{"$oid":"61c09a623eaf4a068173c40d"},"book_id":"BK003","flight_id":["FL001"],"customer_id":"CUS003","paymentMode":"Card","bookingDate":{"$date":"2021-11-01T00:00:00Z"},"bookingAmount":1500.34}
{"_id":{"$oid":"61c09a623eaf4a068173c40e"},"book_id":"BK004","flight_id":["FL001"],"customer_id":"CUS004","paymentMode":"Card","bookingDate":{"$date":"2021-11-01T00:00:00Z"},"bookingAmount":1506.49}
{"_id":{"$oid":"61c09a623eaf4a068173c40f"},"book_id":"BK005","flight_id":["FL002"],"customer_id":"CUS005","paymentMode":"Card","bookingDate":{"$date":"2021-11-01T00:00:00Z"},"bookingAmount":1639.38}
{"_id":{"$oid":"61c09a623eaf4a068173c410"},"book_id":"BK006","flight_id":["FL002"],"customer_id":"CUS006","paymentMode":"Card","bookingDate":{"$date":"2021-11-01T00:00:00Z"},"bookingAmount":1772.27}
{"_id":{"$oid":"61c09a623eaf4a068173c411"},"book_id":"BK007","flight_id":["FL002"],"customer_id":"CUS007","paymentMode":"Card","bookingDate":{"$date":"2021-11-01T00:00:00Z"},"bookingAmount":1905.16}
{"_id":{"$oid":"61c09a623eaf4a068173c412"},"book_id":"BK008","flight_id":["FL002"],"customer_id":"CUS008","paymentMode":"Card","bookingDate":{"$date":"2021-11-01T00:00:00Z"},"bookingAmount":2038.05}
{"_id":{"$oid":"61c09a623eaf4a068173c413"},"book_id":"BK009","flight_id":["FL002"],"customer_id":"CUS009","paymentMode":"Card","bookingDate":{"$date":"2021-11-01T00:00:00Z"},"bookingAmount":2170.94}
{"_id":{"$oid":"61c09a623eaf4a068173c414"},"book_id":"BK010","flight_id":["FL005","FL006","FL007"],"customer_id":"CUS010","paymentMode":"Card","bookingDate":{"$date":"2021-11-01T00:00:00Z"},"bookingAmount":2303.83}
{"_id":{"$oid":"61c09a623eaf4a068173c415"},"book_id":"BK011","flight_id":["FL005","FL006","FL007"],"customer_id":"CUS011","paymentMode":"Card","bookingDate":{"$date":"2021-11-01T00:00:00Z"},"bookingAmount":2436.72}
{"_id":{"$oid":"61c09a623eaf4a068173c416"},"book_id":"BK012","flight_id":["FL007"],"customer_id":"CUS013","paymentMode":"Card","bookingDate":{"$date":"2021-11-01T00:00:00Z"},"bookingAmount":2569.61}
{"_id":{"$oid":"61c09a623eaf4a068173c417"},"book_id":"BK013","flight_id":["FL003","FL004"],"customer_id":"CUS014","paymentMode":"Card","bookingDate":{"$date":"2021-11-01T00:00:00Z"},"bookingAmount":2702.5}
{"_id":{"$oid":"61c09a623eaf4a068173c418"},"book_id":"BK014","flight_id":["FL003","FL004"],"customer_id":"CUS015","paymentMode":"Card","bookingDate":{"$date":"2021-11-01T00:00:00Z"},"bookingAmount":2835.39}
{"_id":{"$oid":"61c09a623eaf4a068173c419"},"book_id":"BK015","flight_id":["FL003","FL004"],"customer_id":"CUS016","paymentMode":"Card","bookingDate":{"$date":"2021-11-01T00:00:00Z"},"bookingAmount":2968.28}
{"_id":{"$oid":"61c09a623eaf4a068173c41a"},"book_id":"BK016","flight_id":["FL008","FL009"],"customer_id":"CUS017","paymentMode":"Card","bookingDate":{"$date":"2021-11-01T00:00:00Z"},"bookingAmount":3101.17}
{"_id":{"$oid":"61c09a623eaf4a068173c41b"},"book_id":"BK017","flight_id":["FL008","FL009"],"customer_id":"CUS018","paymentMode":"Card","bookingDate":{"$date":"2021-11-01T00:00:00Z"},"bookingAmount":3234.06}
{"_id":{"$oid":"61c09a623eaf4a068173c41c"},"book_id":"BK018","flight_id":["FL008","FL009"],"customer_id":"CUS019","paymentMode":"Card","bookingDate":{"$date":"2021-11-01T00:00:00Z"},"bookingAmount":3366.95}
{"_id":{"$oid":"61c09a623eaf4a068173c41d"},"book_id":"BK019","flight_id":["FL010"],"customer_id":"CUS020","paymentMode":"Card","bookingDate":{"$date":"2021-11-01T00:00:00Z"},"bookingAmount":3499.84}
{"_id":{"$oid":"61c09a623eaf4a068173c41e"},"book_id":"BK020","flight_id":["FL011"],"customer_id":"CUS021","paymentMode":"Card","bookingDate":{"$date":"2021-11-01T00:00:00Z"},"bookingAmount":3632.73}
{"_id":{"$oid":"61c09a623eaf4a068173c41f"},"book_id":"BK021","flight_id":["FL012"],"customer_id":"CUS022","paymentMode":"Card","bookingDate":{"$date":"2021-11-01T00:00:00Z"},"bookingAmount":3765.62}
{"_id":{"$oid":"61c09a623eaf4a068173c420"},"book_id":"BK022","flight_id":["FL013"],"customer_id":"CUS023","paymentMode":"Card","bookingDate":{"$date":"2021-11-01T00:00:00Z"},"bookingAmount":3898.51}
{"_id":{"$oid":"61c09a623eaf4a068173c421"},"book_id":"BK023","flight_id":["FL014"],"customer_id":"CUS024","paymentMode":"Card","bookingDate":{"$date":"2021-11-01T00:00:00Z"},"bookingAmount":4031.4}
