{"_id":{"$oid":"61be926311c198335aa96f87"},"customer_id":"CUS001","title":"Dr.","firstName":"Anthony","lastName":"Stockman","email":"AnthonyStockman@customer.com","contactNumber":4.49823678938E+11,"address":{"buildingNo":310.0,"street":"Abbey Road","city":"Southamton","zipcode":"E56GHB"}}
{"_id":{"$oid":"61be926311c198335aa96f88"},"customer_id":"CUS002","title":"Dr.","firstName":"Jesus","lastName":"Requena-Carrion","email":"JesusRequenaCarrion@passenger.com","contactNumber":4.49823678999E+11,"address":{"buildingNo":459.0,"street":"Brick Lane","city":"Sheffield","zipcode":"E57GHB"}}
{"_id":{"$oid":"61be926311c198335aa96f89"},"customer_id":"CUS003","title":"Dr.","firstName":"Sukhpal","lastName":"Singh Gill","email":"SukhpalSinghGill@customer.com","contactNumber":4.4982367906E+11,"address":{"buildingNo":100.0,"street":"Oxford Street","city":"London","zipcode":"E58GHB"}}
{"_id":{"$oid":"61be926311c198335aa96f8a"},"customer_id":"CUS004","title":"Dr.","firstName":"Emmanouil","lastName":"Benetos","email":"EmmanouilBenetos@passenger.com","contactNumber":4.49823679121E+11,"address":{"buildingNo":642.0,"street":"Carnaby Street","city":"Southamton","zipcode":"E59GHB"}}
{"_id":{"$oid":"61be926311c198335aa96f8b"},"customer_id":"CUS005","title":"Dr.","firstName":"Jialun","lastName":"Hu","email":"JialunHu@customer.com","contactNumber":4.49823679182E+11,"address":{"buildingNo":879.0,"street":"Piccadilly","city":"London","zipcode":"E60GHB"}}
{"_id":{"$oid":"61be926311c198335aa96f8c"},"customer_id":"CUS006","title":"Proff","firstName":"Norman","lastName":"Fenton","email":"NormanFenton@passenger.com","contactNumber":4.49823679243E+11,"address":{"buildingNo":612.0,"street":"Baker Street","city":"Glasgow","zipcode":"E61GHB"}}
{"_id":{"$oid":"61be926311c198335aa96f8d"},"customer_id":"CUS007","title":"Dr.","firstName":"Georgios","lastName":"Tzimiropoulos","email":"GeorgiosTzimiropoulos@customer.com","contactNumber":4.49823679304E+11,"address":{"buildingNo":333.0,"street":"Downing Street ","city":"Brighton","zipcode":"E62GHB"}}
{"_id":{"$oid":"61be926311c198335aa96f8e"},"customer_id":"CUS008","title":"Dr.","firstName":"Qianni","lastName":"Zhang","email":"QianniZhang@passenger.com","contactNumber":4.49823679365E+11,"address":{"buildingNo":781.0,"street":"Harley Street","city":"Brighton","zipcode":"E63GHB"}}
{"_id":{"$oid":"61be926311c198335aa96f8f"},"customer_id":"CUS009","title":"Dr.","firstName":"Usman","lastName":"Naeem","email":"UsmanNaeem@customer.com","contactNumber":4.49823679426E+11,"address":{"buildingNo":23.0,"street":"Old Compton Street","city":"Glasgow","zipcode":"E64GHB"}}
{"_id":{"$oid":"61be926311c198335aa96f90"},"customer_id":"CUS010","title":"Mr.","firstName":"Ercüment","lastName":"Ilhan","email":"Ercument.Ilhan@passenger.com","contactNumber":4.49823679487E+11,"address":{"buildingNo":56.0,"street":"Abbey Road","city":"London","zipcode":"E65GHB"}}
{"_id":{"$oid":"61be926311c198335aa96f91"},"customer_id":"CUS011","title":"Mr.","firstName":"Iacopo","lastName":"Ghinassi","email":"Iacopo.Ghinassi@customer.com","contactNumber":4.49823679548E+11,"address":{"buildingNo":78.0,"street":"Brick Lane","city":"Sheffield","zipcode":"E66GHB"}}
{"_id":{"$oid":"61be926311c198335aa96f92"},"customer_id":"CUS012","title":"Mr.","firstName":"Yixiao","lastName":"Zhang","email":"Yixiao.Zhang@passenger.com","contactNumber":4.49823679609E+11,"address":{"buildingNo":27.0,"street":"Oxford Street","city":"Southamton","zipcode":"E67GHB"}}
{"_id":{"$oid":"61be926311c198335aa96f93"},"customer_id":"CUS013","title":"Mr.","firstName":"Woody","lastName":"Bayliss","email":"Woody.Bayliss@customer.com","contactNumber":4.4982367967E+11,"address":{"buildingNo":59.0,"street":"Carnaby Street","city":"Glasgow","zipcode":"E68GHB"}}
{"_id":{"$oid":"61be926311c198335aa96f94"},"customer_id":"CUS014","title":"Mr.","firstName":"Yeming","lastName":"Meng","email":"Yeming.Meng@passenger.com","contactNumber":4.49823679731E+11,"address":{"buildingNo":12.0,"street":"Piccadilly","city":"Manchester","zipcode":"E69GHB"}}
{"_id":{"$oid":"61be926311c198335aa96f95"},"customer_id":"CUS015","title":"Ms.","firstName":"Chia-Yen","lastName":"Chiang","email":"Chia-Yen.Chiang@customer.com","contactNumber":4.49823679792E+11,"address":{"buildingNo":50.0,"street":"Baker Street","city":"London","zipcode":"E70GHB"}}
{"_id":{"$oid":"61be926311c198335aa96f96"},"customer_id":"CUS016","title":"Mr.","firstName":"Sebastian","lastName":"Berns","email":"Sebastian.Berns@passenger.com","contactNumber":4.49823679853E+11,"address":{"buildingNo":27.0,"street":"Downing Street ","city":"Manchester","zipcode":"E71GHB"}}
{"_id":{"$oid":"61be926311c198335aa96f97"},"customer_id":"CUS017","title":"Mr.","firstName":"Linjie","lastName":"Xu","email":"Linjie.Xu@customer.com","contactNumber":4.49823679914E+11,"address":{"buildingNo":70.0,"street":"Harley Street","city":"Glasgow","zipcode":"E72GHB"}}
{"_id":{"$oid":"61be926311c198335aa96f98"},"customer_id":"CUS018","title":"Mr.","firstName":"Abdulrahman","lastName":"Aloraini","email":"Abdulrahman.Aloraini@passenger.com","contactNumber":4.49823679975E+11,"address":{"buildingNo":27.0,"street":"Old Compton Street","city":"Southamton","zipcode":"E73GHB"}}
{"_id":{"$oid":"61be926311c198335aa96f99"},"customer_id":"CUS019","title":"","firstName":"Katarzyna Maria","lastName":"Adamska","email":"Katarzyna.Maria.Adamska@customer.com","contactNumber":4.49823680036E+11,"address":{"buildingNo":18.0,"street":"Abbey Road","city":"London","zipcode":"E74GHB"}}
{"_id":{"$oid":"61be926311c198335aa96f9a"},"customer_id":"CUS020","title":"Mr.","firstName":"Alvaro Ovalle","lastName":"Castañeda","email":"Alvaro.Ovalle.Castañeda@passenger.com","contactNumber":4.49823680097E+11,"address":{"buildingNo":82.0,"street":"Brick Lane","city":"Sheffield","zipcode":"E75GHB"}}
{"_id":{"$oid":"61be926311c198335aa96f9b"},"customer_id":"CUS021","title":"Mr.","firstName":"Saqib","lastName":"Iqbal","email":"Saqib.Iqbal@customer.com","contactNumber":4.49823680158E+11,"address":{"buildingNo":59.0,"street":"Oxford Street","city":"Brighton","zipcode":"E76GHB"}}
{"_id":{"$oid":"61be926311c198335aa96f9c"},"customer_id":"CUS022","title":"Mr.","firstName":"Elona","lastName":"Shatri","email":"Elona.Shatri@passenger.com","contactNumber":4.49823680219E+11,"address":{"buildingNo":921.0,"street":"Carnaby Street","city":"London","zipcode":"E77GHB"}}
{"_id":{"$oid":"61be926311c198335aa96f9d"},"customer_id":"CUS023","title":"Mrs.","firstName":"Parvathy Chittur","lastName":"Subramanianprasad","email":"Parvathy.Chittur.Subramanianprasad@customer.com","contactNumber":4.4982368028E+11,"address":{"buildingNo":2.0,"street":"Piccadilly","city":"Brighton","zipcode":"E78GHB"}}
{"_id":{"$oid":"61be926311c198335aa96f9e"},"customer_id":"CUS024","title":"Mrs.","firstName":"Peiling","lastName":"Yi","email":"Peiling.Yi@passenger.com","contactNumber":4.49823680341E+11,"address":{"buildingNo":27.0,"street":"Baker Street","city":"Manchester","zipcode":"E79GHB"}}
{"_id":{"$oid":"61be926311c198335aa96f9f"},"customer_id":"CUS025","title":"Miss","firstName":"Wenjie","lastName":"Yin","email":"Wenjie.Yin@customer.com","contactNumber":4.49823680402E+11,"address":{"buildingNo":67.0,"street":"Downing Street ","city":"London","zipcode":"E80GHB"}}
