{"_id":{"$oid":"61bf69513eaf4a068173c3d4"},"employee_id":"E001","firstName":"Ritika","lastName":"Gupta","email":"Ritika.Gupta@qmulairlines.com","contactNumber":4.46785674563E+11,"address":{"buildingNo":34.0,"street":"Abbey Road","city":"Birmingham","zipcode":"E56GHB"},"joiningDate":{"$date":"2010-06-05T00:00:00Z"},"employeeWorkSchedule":[{"date":{"$date":"2021-11-16T00:00:00Z"},"hours":6.0,"salary":600.0},{"date":{"$date":"2021-11-17T00:00:00Z"},"hours":6.0,"salary":600.0}],"employeeType":{"eType":"EC001","fitToFly":true}}
{"_id":{"$oid":"61bf69513eaf4a068173c3d5"},"employee_id":"E002","firstName":"Aditya Ronak","lastName":"Shah","email":"Aditya.RonakShah@qmulairlines.com","contactNumber":4.46785674564E+11,"address":{"buildingNo":56.0,"street":"Brick Lane","city":"London","zipcode":"E57GHB"},"joiningDate":{"$date":"2011-09-06T00:00:00Z"},"employeeWorkSchedule":[{"date":{"$date":"2021-11-16T00:00:00Z"},"hours":6.0,"salary":600.0},{"date":{"$date":"2021-11-17T00:00:00Z"},"hours":6.0,"salary":600.0}],"employeeType":{"eType":"EC001","fitToFly":true}}
{"_id":{"$oid":"61bf69513eaf4a068173c3d6"},"employee_id":"E003","firstName":"Sanjay","lastName":"Ramesh","email":"Sanjay.Ramesh@qmulairlines.com","contactNumber":4.46785674565E+11,"address":{"buildingNo":98.0,"street":"Oxford Street","city":"Liverpool","zipcode":"E58GHB"},"joiningDate":{"$date":"2010-12-07T00:00:00Z"},"employeeWorkSchedule":[{"date":{"$date":"2021-11-16T00:00:00Z"},"hours":6.0,"salary":600.0},{"date":{"$date":"2021-11-17T00:00:00Z"},"hours":6.0,"salary":600.0}],"employeeType":{"eType":"EC001","fitToFly":true}}
{"_id":{"$oid":"61bf69513eaf4a068173c3d7"},"employee_id":"E004","firstName":"Bineeta","lastName":"Kachhap","email":"Bineeta.Kachhap@qmulairlines.com","contactNumber":4.46785674566E+11,"address":{"buildingNo":43.0,"street":"Carnaby Street","city":"London","zipcode":"E59GHB"},"joiningDate":{"$date":"2008-06-08T00:00:00Z"},"employeeWorkSchedule":[{"date":{"$date":"2021-11-16T00:00:00Z"},"hours":6.0,"salary":600.0},{"date":{"$date":"2021-11-17T00:00:00Z"},"hours":6.0,"salary":600.0}],"employeeType":{"eType":"EC001","fitToFly":true}}
{"_id":{"$oid":"61bf69513eaf4a068173c3d8"},"employee_id":"E005","firstName":"Antra","lastName":"Tripathi","email":"Antra.Tripathi@qmulairlines.com","contactNumber":4.46785674567E+11,"address":{"buildingNo":65.0,"street":"Piccadilly","city":"Belfast","zipcode":"E60GHB"},"joiningDate":{"$date":"1999-09-06T00:00:00Z"},"employeeWorkSchedule":[{"date":{"$date":"2021-11-16T00:00:00Z"},"hours":8.0,"salary":400.0},{"date":{"$date":"2021-11-17T00:00:00Z"},"hours":8.0,"salary":400.0}],"employeeType":{"eType":"EC002","fitToFly":false}}
{"_id":{"$oid":"61bf69513eaf4a068173c3d9"},"employee_id":"E006","firstName":"Yunqing","lastName":"Gou","email":"Yunqing.Gou@qmulairlines.com","contactNumber":4.46785674568E+11,"address":{"buildingNo":72.0,"street":"Baker Street","city":"Birmingham","zipcode":"E61GHB"},"joiningDate":{"$date":"2010-11-10T00:00:00Z"},"employeeWorkSchedule":[{"date":{"$date":"2021-11-16T00:00:00Z"},"hours":8.0,"salary":400.0},{"date":{"$date":"2021-11-17T00:00:00Z"},"hours":8.0,"salary":400.0}],"employeeType":{"eType":"EC002","fitToFly":false}}
{"_id":{"$oid":"61bf69513eaf4a068173c3da"},"employee_id":"E007","firstName":"Yifeng","lastName":"Lin","email":"Yifeng.Lin@qmulairlines.com","contactNumber":4.46785674569E+11,"address":{"buildingNo":12.0,"street":"Downing Street ","city":"London","zipcode":"E62GHB"},"joiningDate":{"$date":"2010-06-11T00:00:00Z"},"employeeWorkSchedule":[{"date":{"$date":"2021-11-16T00:00:00Z"},"hours":8.0,"salary":400.0},{"date":{"$date":"2021-11-17T00:00:00Z"},"hours":8.0,"salary":400.0}],"employeeType":{"eType":"EC003","fitToFly":false}}
{"_id":{"$oid":"61bf69513eaf4a068173c3db"},"employee_id":"E008","firstName":"Chuanning","lastName":"Liu","email":"Chuanning.Liu@qmulairlines.com","contactNumber":4.4678567457E+11,"address":{"buildingNo":78.0,"street":"Harley Street","city":"Belfast","zipcode":"E63GHB"},"joiningDate":{"$date":"2011-06-12T00:00:00Z"},"employeeWorkSchedule":[{"date":{"$date":"2021-11-16T00:00:00Z"},"hours":8.0,"salary":400.0},{"date":{"$date":"2021-11-17T00:00:00Z"},"hours":8.0,"salary":400.0}],"employeeType":{"eType":"EC003","fitToFly":false}}
{"_id":{"$oid":"61bf69513eaf4a068173c3dc"},"employee_id":"E009","firstName":"Yunlong","lastName":"Mu","email":"Yunlong.Mu@qmulairlines.com","contactNumber":4.46785674571E+11,"address":{"buildingNo":43.0,"street":"Old Compton Street","city":"Liverpool","zipcode":"E64GHB"},"joiningDate":{"$date":"2005-10-13T00:00:00Z"},"employeeWorkSchedule":[{"date":{"$date":"2021-11-16T00:00:00Z"},"hours":6.0,"salary":450.0},{"date":{"$date":"2021-11-17T00:00:00Z"},"hours":6.0,"salary":450.0}],"employeeType":{"eType":"EC004","fitToFly":false}}
{"_id":{"$oid":"61bf69513eaf4a068173c3dd"},"employee_id":"E010","firstName":"Weitian","lastName":"Ran","email":"Weitian.Ran@qmulairlines.com","contactNumber":4.46785674572E+11,"address":{"buildingNo":27.0,"street":"Abbey Road","city":"Belfast","zipcode":"E65GHB"},"joiningDate":{"$date":"2006-06-14T00:00:00Z"},"employeeWorkSchedule":[{"date":{"$date":"2021-11-16T00:00:00Z"},"hours":6.0,"salary":450.0},{"date":{"$date":"2021-11-17T00:00:00Z"},"hours":6.0,"salary":450.0}],"employeeType":{"eType":"EC004","fitToFly":false}}
{"_id":{"$oid":"61bf69513eaf4a068173c3de"},"employee_id":"E011","firstName":"Yashi","lastName":"Gupta","email":"Yashi.Gupta@qmulairlines.com","contactNumber":4.46785674573E+11,"address":{"buildingNo":80.0,"street":"Brick Lane","city":"Birmingham","zipcode":"E66GHB"},"joiningDate":{"$date":"2010-06-15T00:00:00Z"},"employeeWorkSchedule":[{"date":{"$date":"2021-11-16T00:00:00Z"},"hours":6.0,"salary":450.0},{"date":{"$date":"2021-11-17T00:00:00Z"},"hours":6.0,"salary":450.0}],"employeeType":{"eType":"EC004","fitToFly":false}}
{"_id":{"$oid":"61bf69513eaf4a068173c3df"},"employee_id":"E012","firstName":"Alexander","lastName":"Sachkov","email":"Alexander.Sachkov@qmulairlines.com","contactNumber":4.46785674574E+11,"address":{"buildingNo":20.0,"street":"Oxford Street","city":"London","zipcode":"E67GHB"},"joiningDate":{"$date":"2019-09-16T00:00:00Z"},"employeeWorkSchedule":[{"date":{"$date":"2021-11-16T00:00:00Z"},"hours":6.0,"salary":450.0},{"date":{"$date":"2021-11-17T00:00:00Z"},"hours":6.0,"salary":450.0}],"employeeType":{"eType":"EC004","fitToFly":false}}
{"_id":{"$oid":"61bf69513eaf4a068173c3e0"},"employee_id":"E013","firstName":"Shiva Archith","lastName":"Siddhartha","email":"ShivaArchith.Siddhartha@qmulairlines.com","contactNumber":4.46785674575E+11,"address":{"buildingNo":34.0,"street":"Carnaby Street","city":"London","zipcode":"E68GHB"},"joiningDate":{"$date":"2010-11-17T00:00:00Z"},"employeeWorkSchedule":[{"date":{"$date":"2021-11-16T00:00:00Z"},"hours":6.0,"salary":450.0},{"date":{"$date":"2021-11-17T00:00:00Z"},"hours":6.0,"salary":450.0}],"employeeType":{"eType":"EC004","fitToFly":false}}
{"_id":{"$oid":"61bf69513eaf4a068173c3e1"},"employee_id":"E014","firstName":"Kang","lastName":"Simon","email":"Kang.Simon@qmulairlines.com","contactNumber":4.46785674576E+11,"address":{"buildingNo":59.0,"street":"Piccadilly","city":"Birmingham","zipcode":"E69GHB"},"joiningDate":{"$date":"2010-06-18T00:00:00Z"},"employeeWorkSchedule":[{"date":{"$date":"2021-11-16T00:00:00Z"},"hours":6.0,"salary":450.0},{"date":{"$date":"2021-11-17T00:00:00Z"},"hours":6.0,"salary":450.0}],"employeeType":{"eType":"EC004","fitToFly":false}}
{"_id":{"$oid":"61bf69523eaf4a068173c3e2"},"employee_id":"E015","firstName":"Tong","lastName":"Liu","email":"Tong.Liu@qmulairlines.com","contactNumber":4.46785674577E+11,"address":{"buildingNo":30.0,"street":"Baker Street","city":"Liverpool","zipcode":"E70GHB"},"joiningDate":{"$date":"2010-08-19T00:00:00Z"},"employeeWorkSchedule":[{"date":{"$date":"2021-11-16T00:00:00Z"},"hours":6.0,"salary":450.0},{"date":{"$date":"2021-11-17T00:00:00Z"},"hours":6.0,"salary":450.0}],"employeeType":{"eType":"EC004","fitToFly":false}}
{"_id":{"$oid":"61bf69523eaf4a068173c3e3"},"employee_id":"E016","firstName":"Rabia","lastName":"Alam","email":"Rabia.Alam@qmulairlines.com","contactNumber":4.46785674578E+11,"address":{"buildingNo":23.0,"street":"Downing Street ","city":"Belfast","zipcode":"E71GHB"},"joiningDate":{"$date":"2007-06-20T00:00:00Z"},"employeeWorkSchedule":[{"date":{"$date":"2021-11-16T00:00:00Z"},"hours":6.0,"salary":450.0},{"date":{"$date":"2021-11-17T00:00:00Z"},"hours":6.0,"salary":450.0}],"employeeType":{"eType":"EC004","fitToFly":false}}
{"_id":{"$oid":"61bf69523eaf4a068173c3e4"},"employee_id":"E017","firstName":"Aditya","lastName":"Dubey","email":"Aditya.Dubey@qmulairlines.com","contactNumber":4.46785674579E+11,"address":{"buildingNo":65.0,"street":"Harley Street","city":"London","zipcode":"E72GHB"},"joiningDate":{"$date":"2012-12-21T00:00:00Z"},"lastWorkingDate":{"$date":"2019-12-31T00:00:00Z"},"employeeType":{"eType":"EC004","fitToFly":false}}
{"_id":{"$oid":"61bf69523eaf4a068173c3e5"},"employee_id":"E018","firstName":"Remi Gul","lastName":"Bahar","email":"RemiGul.Bahar@qmulairlines.com","contactNumber":4.4678567458E+11,"address":{"buildingNo":43.0,"street":"Old Compton Street","city":"Birmingham","zipcode":"E73GHB"},"joiningDate":{"$date":"2010-07-22T00:00:00Z"},"lastWorkingDate":{"$date":"2019-12-31T00:00:00Z"},"employeeType":{"eType":"EC004","fitToFly":false}}
{"_id":{"$oid":"61bf69523eaf4a068173c3e6"},"employee_id":"E019","firstName":"David","lastName":"Stumbra","email":"David.Stumbra@qmulairlines.com","contactNumber":4.46785674581E+11,"address":{"buildingNo":120.0,"street":"Oxford Street","city":"London","zipcode":"E74GHB"},"joiningDate":{"$date":"2009-06-23T00:00:00Z"},"lastWorkingDate":{"$date":"2019-12-31T00:00:00Z"},"employeeType":{"eType":"EC004","fitToFly":false}}
{"_id":{"$oid":"61bf69523eaf4a068173c3e7"},"employee_id":"E020","firstName":"Temesgen Daniel","lastName":"Teklebrhan","email":"TemesgenDaniel.Teklebrhan@qmulairlines.com","contactNumber":4.46785674582E+11,"address":{"buildingNo":89.0,"street":"Carnaby Street","city":"Liverpool","zipcode":"E75GHB"},"joiningDate":{"$date":"1998-06-24T00:00:00Z"},"lastWorkingDate":{"$date":"2019-12-31T00:00:00Z"},"employeeType":{"eType":"EC004","fitToFly":false}}
{"_id":{"$oid":"61bf69523eaf4a068173c3e8"},"employee_id":"E021","firstName":"Tanishq","lastName":"Verma","email":"Tanishq.Verma@qmulairlines.com","contactNumber":4.46785674583E+11,"address":{"buildingNo":764.0,"street":"Piccadilly","city":"Birmingham","zipcode":"E76GHB"},"joiningDate":{"$date":"2003-08-25T00:00:00Z"},"lastWorkingDate":{"$date":"2019-12-31T00:00:00Z"},"employeeType":{"eType":"EC004","fitToFly":false}}
