{"_id":{"$oid":"61c3b9fdd71e54cd06661561"},"flight_id":"FL001","plane_id":"P001","departureCity":"A001","arrivalCity":"A002","departureTime":{"$date":"2021-11-16T08:00:00Z"},"arrivalTime":{"$date":"2021-11-16T11:00:00Z"},"employee_list":["E001","E002","E009","E010","E011","E012"]}
{"_id":{"$oid":"61c3b9fdd71e54cd06661562"},"flight_id":"FL002","plane_id":"P001","departureCity":"A002","arrivalCity":"A001","departureTime":{"$date":"2021-11-16T13:00:00Z"},"arrivalTime":{"$date":"2021-11-16T16:00:00Z"},"employee_list":["E001","E002","E009","E010","E011","E012"]}
{"_id":{"$oid":"61c3b9fdd71e54cd06661563"},"flight_id":"FL003","plane_id":"P001","departureCity":"A001","arrivalCity":"A009","departureTime":{"$date":"2021-11-17T05:30:00Z"},"arrivalTime":{"$date":"2021-11-17T08:30:00Z"},"employee_list":["E001","E002","E009","E010","E011","E012"]}
{"_id":{"$oid":"61c3b9fdd71e54cd06661564"},"flight_id":"FL004","plane_id":"P001","departureCity":"A009","arrivalCity":"A001","departureTime":{"$date":"2021-11-17T20:00:00Z"},"arrivalTime":{"$date":"2021-11-17T23:00:00Z"},"employee_list":["E001","E002","E009","E010","E011","E012"]}
{"_id":{"$oid":"61c3b9fdd71e54cd06661565"},"flight_id":"FL005","plane_id":"P002","departureCity":"A008","arrivalCity":"A002","departureTime":{"$date":"2021-11-16T07:00:00Z"},"arrivalTime":{"$date":"2021-11-16T08:00:00Z"},"employee_list":["E001","E002","E009","E010","E011","E012"]}
{"_id":{"$oid":"61c3b9fdd71e54cd06661566"},"flight_id":"FL006","plane_id":"P002","departureCity":"A002","arrivalCity":"A005","departureTime":{"$date":"2021-11-16T09:00:00Z"},"arrivalTime":{"$date":"2021-11-16T11:00:00Z"},"employee_list":["E003","E004","E013","E014","E015","E016"]}
{"_id":{"$oid":"61c3b9fed71e54cd06661567"},"flight_id":"FL007","plane_id":"P002","departureCity":"A005","arrivalCity":"A008","departureTime":{"$date":"2021-11-16T13:00:00Z"},"arrivalTime":{"$date":"2021-11-16T16:00:00Z"},"employee_list":["E003","E004","E013","E014","E015","E016"]}
{"_id":{"$oid":"61c3b9fed71e54cd06661568"},"flight_id":"FL008","plane_id":"P002","departureCity":"A008","arrivalCity":"A007","departureTime":{"$date":"2021-11-17T07:00:00Z"},"arrivalTime":{"$date":"2021-11-17T10:00:00Z"},"employee_list":["E003","E004","E013","E014","E015","E016"]}
{"_id":{"$oid":"61c3b9fed71e54cd06661569"},"flight_id":"FL009","plane_id":"P002","departureCity":"A007","arrivalCity":"A006","departureTime":{"$date":"2021-11-17T12:00:00Z"},"arrivalTime":{"$date":"2021-11-17T14:00:00Z"},"employee_list":["E003","E004","E013","E014","E015","E016"]}
{"_id":{"$oid":"61c3b9fed71e54cd0666156a"},"flight_id":"FL010","plane_id":"P002","departureCity":"A006","arrivalCity":"A008","departureTime":{"$date":"2021-11-17T15:00:00Z"},"arrivalTime":{"$date":"2021-11-17T16:00:00Z"},"employee_list":["E003","E004","E013","E014","E015","E016"]}
